Workbook

Sheet Calculadora_FPRS
A1: Functional Pharmacotherapy Risk Score (FPRS) – Modelo 3 sem interações medicamentosas
A3: Campo | B3: Entrada | D3: Componente do escore | E3: Valor | F3: Regra operacional
A4: ID do paciente | D4: Carga anticolinérgica/sedativa | E4: =SUM(H13:H37) -> 0 | F4: Baixa=1; moderada=2; alta=3; se dupla propriedade, usar maior valor.
A5: Data da avaliação | B5: =TODAY() -> 46174 | D5: PIM/Beers adicional | E5: =SUM(I13:I37) -> 0 | F5: Somar 0,5 por PIM não pontuado anteriormente como AC/sedativo.
A6: Idade | D6: Ponto de corte para alto risco | E6: =1.5 -> 1.5 | F6: Se FPRS final > 1,5: alto risco e necessidade de revisão da farmacoterapia.
A7: Observação clínica | D7: Número de medicamentos | E7: =B9 -> 0 | F7: 5–9 medicamentos=0,5; ≥10 medicamentos=1.
A8: Número total de medicamentos | B8: =COUNTIF(A13:A37,"?*") -> 0 | D8: FPRS final | E8: =IF(AND(B8<5,E4=0,E5=0),0,E4+E5+E7) -> 0 | F8: Soma: afinidade AC/sedativa + Beers adicional + polifarmácia.
A9: Pontuação por número de medicamentos | B9: =IF(B8>=10,1,IF(B8>=5,0.5,0)) -> 0 | D9: Categoria operacional | E9: =IF(E8>1.5,"Alto risco","Baixo risco") -> Baixo risco | F9: Classificação provisória para triagem clínica.
D10: Alerta clínico | E10: =IF(E8>1.5,"Necessidade de revisão da farmacoterapia","Sem indicação prioritária de revisão pelo FPRS") -> Sem indicação prioritária de revisão pelo FPRS | F10: Mensagem operacional para decisão de revisão farmacoterapêutica.
A11: Lista de medicamentos do paciente (máximo de 25; um medicamento por linha) | D11: Regra de escore zero | E11: =IF(AND(B8<5,E4=0,E5=0),"Ativa","Não aplicável") -> Ativa | F11: ≤4 medicamentos + ausência de PIM + ausência de carga AC/sedativa = FPRS 0.
A12: Medicamento informado pelo médico | B12: Medicamento normalizado | C12: Encontrado na base? | D12: PIM/Beers | E12: Afinidade AC | F12: Afinidade sedativa | G12: Peso afinidade (maior AC/sed) | H12: Peso afinidade contado uma vez | I12: PIM adicional | J12: Contribuição total por medicamento | K12: Observação
B13: =IF(A13="","",IFERROR(VLOOKUP(LOWER(TRIM(A13)),Alias_Map!$A$2:$B$651,2,FALSE),LOWER(TRIM(A13)))) | C13: =IF(A13="","",IF(ISERROR(VLOOKUP(B13,Base_Fixa!$A$2:$I$600,1,FALSE)),"Não","Sim")) | D13: =IF(A13="","",IF(C13<>"Sim",0,VLOOKUP(B13,Base_Fixa!$A$2:$I$600,3,FALSE))) | E13: =IF(A13="","",IF(C13<>"Sim","",VLOOKUP(B13,Base_Fixa!$A$2:$I$600,5,FALSE))) | F13: =IF(A13="","",IF(C13<>"Sim","",VLOOKUP(B13,Base_Fixa!$A$2:$I$600,7,FALSE))) | G13: =IF(A13="","",IF(C13<>"Sim",0,VLOOKUP(B13,Base_Fixa!$A$2:$I$600,8,FALSE))) | H13: =IF(A13="","",IF(COUNTIF($B$13:B13,B13)=1,G13,0)) | I13: =IF(A13="","",IF(AND(D13=1,G13=0,COUNTIFS($B$13:B13,B13,$D$13:D13,1,$G$13:G13,0)=1),Parameters!$B$8,0)) | J13: =IF(A13="","",H13+I13) | K13: =IF(A13="","",IF(C13<>"Sim","Revisar grafia/nome genérico ou inserir na Base_Fixa",IF(J13=0,"Sem contribuição adicional ou duplicado",IF(I13>0,"PIM/Beers adicional","Pontuado por afinidade AC/sedativa"))))
B14: =IF(A14="","",IFERROR(VLOOKUP(LOWER(TRIM(A14)),Alias_Map!$A$2:$B$651,2,FALSE),LOWER(TRIM(A14)))) | C14: =IF(A14="","",IF(ISERROR(VLOOKUP(B14,Base_Fixa!$A$2:$I$600,1,FALSE)),"Não","Sim")) | D14: =IF(A14="","",IF(C14<>"Sim",0,VLOOKUP(B14,Base_Fixa!$A$2:$I$600,3,FALSE))) | E14: =IF(A14="","",IF(C14<>"Sim","",VLOOKUP(B14,Base_Fixa!$A$2:$I$600,5,FALSE))) | F14: =IF(A14="","",IF(C14<>"Sim","",VLOOKUP(B14,Base_Fixa!$A$2:$I$600,7,FALSE))) | G14: =IF(A14="","",IF(C14<>"Sim",0,VLOOKUP(B14,Base_Fixa!$A$2:$I$600,8,FALSE))) | H14: =IF(A14="","",IF(COUNTIF($B$13:B14,B14)=1,G14,0)) | I14: =IF(A14="","",IF(AND(D14=1,G14=0,COUNTIFS($B$13:B14,B14,$D$13:D14,1,$G$13:G14,0)=1),Parameters!$B$8,0)) | J14: =IF(A14="","",H14+I14) | K14: =IF(A14="","",IF(C14<>"Sim","Revisar grafia/nome genérico ou inserir na Base_Fixa",IF(J14=0,"Sem contribuição adicional ou duplicado",IF(I14>0,"PIM/Beers adicional","Pontuado por afinidade AC/sedativa"))))
B15: =IF(A15="","",IFERROR(VLOOKUP(LOWER(TRIM(A15)),Alias_Map!$A$2:$B$651,2,FALSE),LOWER(TRIM(A15)))) | C15: =IF(A15="","",IF(ISERROR(VLOOKUP(B15,Base_Fixa!$A$2:$I$600,1,FALSE)),"Não","Sim")) | D15: =IF(A15="","",IF(C15<>"Sim",0,VLOOKUP(B15,Base_Fixa!$A$2:$I$600,3,FALSE))) | E15: =IF(A15="","",IF(C15<>"Sim","",VLOOKUP(B15,Base_Fixa!$A$2:$I$600,5,FALSE))) | F15: =IF(A15="","",IF(C15<>"Sim","",VLOOKUP(B15,Base_Fixa!$A$2:$I$600,7,FALSE))) | G15: =IF(A15="","",IF(C15<>"Sim",0,VLOOKUP(B15,Base_Fixa!$A$2:$I$600,8,FALSE))) | H15: =IF(A15="","",IF(COUNTIF($B$13:B15,B15)=1,G15,0)) | I15: =IF(A15="","",IF(AND(D15=1,G15=0,COUNTIFS($B$13:B15,B15,$D$13:D15,1,$G$13:G15,0)=1),Parameters!$B$8,0)) | J15: =IF(A15="","",H15+I15) | K15: =IF(A15="","",IF(C15<>"Sim","Revisar grafia/nome genérico ou inserir na Base_Fixa",IF(J15=0,"Sem contribuição adicional ou duplicado",IF(I15>0,"PIM/Beers adicional","Pontuado por afinidade AC/sedativa"))))
B16: =IF(A16="","",IFERROR(VLOOKUP(LOWER(TRIM(A16)),Alias_Map!$A$2:$B$651,2,FALSE),LOWER(TRIM(A16)))) | C16: =IF(A16="","",IF(ISERROR(VLOOKUP(B16,Base_Fixa!$A$2:$I$600,1,FALSE)),"Não","Sim")) | D16: =IF(A16="","",IF(C16<>"Sim",0,VLOOKUP(B16,Base_Fixa!$A$2:$I$600,3,FALSE))) | E16: =IF(A16="","",IF(C16<>"Sim","",VLOOKUP(B16,Base_Fixa!$A$2:$I$600,5,FALSE))) | F16: =IF(A16="","",IF(C16<>"Sim","",VLOOKUP(B16,Base_Fixa!$A$2:$I$600,7,FALSE))) | G16: =IF(A16="","",IF(C16<>"Sim",0,VLOOKUP(B16,Base_Fixa!$A$2:$I$600,8,FALSE))) | H16: =IF(A16="","",IF(COUNTIF($B$13:B16,B16)=1,G16,0)) | I16: =IF(A16="","",IF(AND(D16=1,G16=0,COUNTIFS($B$13:B16,B16,$D$13:D16,1,$G$13:G16,0)=1),Parameters!$B$8,0)) | J16: =IF(A16="","",H16+I16) | K16: =IF(A16="","",IF(C16<>"Sim","Revisar grafia/nome genérico ou inserir na Base_Fixa",IF(J16=0,"Sem contribuição adicional ou duplicado",IF(I16>0,"PIM/Beers adicional","Pontuado por afinidade AC/sedativa"))))
B17: =IF(A17="","",IFERROR(VLOOKUP(LOWER(TRIM(A17)),Alias_Map!$A$2:$B$651,2,FALSE),LOWER(TRIM(A17)))) | C17: =IF(A17="","",IF(ISERROR(VLOOKUP(B17,Base_Fixa!$A$2:$I$600,1,FALSE)),"Não","Sim")) | D17: =IF(A17="","",IF(C17<>"Sim",0,VLOOKUP(B17,Base_Fixa!$A$2:$I$600,3,FALSE))) | E17: =IF(A17="","",IF(C17<>"Sim","",VLOOKUP(B17,Base_Fixa!$A$2:$I$600,5,FALSE))) | F17: =IF(A17="","",IF(C17<>"Sim","",VLOOKUP(B17,Base_Fixa!$A$2:$I$600,7,FALSE))) | G17: =IF(A17="","",IF(C17<>"Sim",0,VLOOKUP(B17,Base_Fixa!$A$2:$I$600,8,FALSE))) | H17: =IF(A17="","",IF(COUNTIF($B$13:B17,B17)=1,G17,0)) | I17: =IF(A17="","",IF(AND(D17=1,G17=0,COUNTIFS($B$13:B17,B17,$D$13:D17,1,$G$13:G17,0)=1),Parameters!$B$8,0)) | J17: =IF(A17="","",H17+I17) | K17: =IF(A17="","",IF(C17<>"Sim","Revisar grafia/nome genérico ou inserir na Base_Fixa",IF(J17=0,"Sem contribuição adicional ou duplicado",IF(I17>0,"PIM/Beers adicional","Pontuado por afinidade AC/sedativa"))))
B18: =IF(A18="","",IFERROR(VLOOKUP(LOWER(TRIM(A18)),Alias_Map!$A$2:$B$651,2,FALSE),LOWER(TRIM(A18)))) | C18: =IF(A18="","",IF(ISERROR(VLOOKUP(B18,Base_Fixa!$A$2:$I$600,1,FALSE)),"Não","Sim")) | D18: =IF(A18="","",IF(C18<>"Sim",0,VLOOKUP(B18,Base_Fixa!$A$2:$I$600,3,FALSE))) | E18: =IF(A18="","",IF(C18<>"Sim","",VLOOKUP(B18,Base_Fixa!$A$2:$I$600,5,FALSE))) | F18: =IF(A18="","",IF(C18<>"Sim","",VLOOKUP(B18,Base_Fixa!$A$2:$I$600,7,FALSE))) | G18: =IF(A18="","",IF(C18<>"Sim",0,VLOOKUP(B18,Base_Fixa!$A$2:$I$600,8,FALSE))) | H18: =IF(A18="","",IF(COUNTIF($B$13:B18,B18)=1,G18,0)) | I18: =IF(A18="","",IF(AND(D18=1,G18=0,COUNTIFS($B$13:B18,B18,$D$13:D18,1,$G$13:G18,0)=1),Parameters!$B$8,0)) | J18: =IF(A18="","",H18+I18) | K18: =IF(A18="","",IF(C18<>"Sim","Revisar grafia/nome genérico ou inserir na Base_Fixa",IF(J18=0,"Sem contribuição adicional ou duplicado",IF(I18>0,"PIM/Beers adicional","Pontuado por afinidade AC/sedativa"))))
B19: =IF(A19="","",IFERROR(VLOOKUP(LOWER(TRIM(A19)),Alias_Map!$A$2:$B$651,2,FALSE),LOWER(TRIM(A19)))) | C19: =IF(A19="","",IF(ISERROR(VLOOKUP(B19,Base_Fixa!$A$2:$I$600,1,FALSE)),"Não","Sim")) | D19: =IF(A19="","",IF(C19<>"Sim",0,VLOOKUP(B19,Base_Fixa!$A$2:$I$600,3,FALSE))) | E19: =IF(A19="","",IF(C19<>"Sim","",VLOOKUP(B19,Base_Fixa!$A$2:$I$600,5,FALSE))) | F19: =IF(A19="","",IF(C19<>"Sim","",VLOOKUP(B19,Base_Fixa!$A$2:$I$600,7,FALSE))) | G19: =IF(A19="","",IF(C19<>"Sim",0,VLOOKUP(B19,Base_Fixa!$A$2:$I$600,8,FALSE))) | H19: =IF(A19="","",IF(COUNTIF($B$13:B19,B19)=1,G19,0)) | I19: =IF(A19="","",IF(AND(D19=1,G19=0,COUNTIFS($B$13:B19,B19,$D$13:D19,1,$G$13:G19,0)=1),Parameters!$B$8,0)) | J19: =IF(A19="","",H19+I19) | K19: =IF(A19="","",IF(C19<>"Sim","Revisar grafia/nome genérico ou inserir na Base_Fixa",IF(J19=0,"Sem contribuição adicional ou duplicado",IF(I19>0,"PIM/Beers adicional","Pontuado por afinidade AC/sedativa"))))
B20: =IF(A20="","",IFERROR(VLOOKUP(LOWER(TRIM(A20)),Alias_Map!$A$2:$B$651,2,FALSE),LOWER(TRIM(A20)))) | C20: =IF(A20="","",IF(ISERROR(VLOOKUP(B20,Base_Fixa!$A$2:$I$600,1,FALSE)),"Não","Sim")) | D20: =IF(A20="","",IF(C20<>"Sim",0,VLOOKUP(B20,Base_Fixa!$A$2:$I$600,3,FALSE))) | E20: =IF(A20="","",IF(C20<>"Sim","",VLOOKUP(B20,Base_Fixa!$A$2:$I$600,5,FALSE))) | F20: =IF(A20="","",IF(C20<>"Sim","",VLOOKUP(B20,Base_Fixa!$A$2:$I$600,7,FALSE))) | G20: =IF(A20="","",IF(C20<>"Sim",0,VLOOKUP(B20,Base_Fixa!$A$2:$I$600,8,FALSE))) | H20: =IF(A20="","",IF(COUNTIF($B$13:B20,B20)=1,G20,0)) | I20: =IF(A20="","",IF(AND(D20=1,G20=0,COUNTIFS($B$13:B20,B20,$D$13:D20,1,$G$13:G20,0)=1),Parameters!$B$8,0)) | J20: =IF(A20="","",H20+I20) | K20: =IF(A20="","",IF(C20<>"Sim","Revisar grafia/nome genérico ou inserir na Base_Fixa",IF(J20=0,"Sem contribuição adicional ou duplicado",IF(I20>0,"PIM/Beers adicional","Pontuado por afinidade AC/sedativa"))))
B21: =IF(A21="","",IFERROR(VLOOKUP(LOWER(TRIM(A21)),Alias_Map!$A$2:$B$651,2,FALSE),LOWER(TRIM(A21)))) | C21: =IF(A21="","",IF(ISERROR(VLOOKUP(B21,Base_Fixa!$A$2:$I$600,1,FALSE)),"Não","Sim")) | D21: =IF(A21="","",IF(C21<>"Sim",0,VLOOKUP(B21,Base_Fixa!$A$2:$I$600,3,FALSE))) | E21: =IF(A21="","",IF(C21<>"Sim","",VLOOKUP(B21,Base_Fixa!$A$2:$I$600,5,FALSE))) | F21: =IF(A21="","",IF(C21<>"Sim","",VLOOKUP(B21,Base_Fixa!$A$2:$I$600,7,FALSE))) | G21: =IF(A21="","",IF(C21<>"Sim",0,VLOOKUP(B21,Base_Fixa!$A$2:$I$600,8,FALSE))) | H21: =IF(A21="","",IF(COUNTIF($B$13:B21,B21)=1,G21,0)) | I21: =IF(A21="","",IF(AND(D21=1,G21=0,COUNTIFS($B$13:B21,B21,$D$13:D21,1,$G$13:G21,0)=1),Parameters!$B$8,0)) | J21: =IF(A21="","",H21+I21) | K21: =IF(A21="","",IF(C21<>"Sim","Revisar grafia/nome genérico ou inserir na Base_Fixa",IF(J21=0,"Sem contribuição adicional ou duplicado",IF(I21>0,"PIM/Beers adicional","Pontuado por afinidade AC/sedativa"))))
B22: =IF(A22="","",IFERROR(VLOOKUP(LOWER(TRIM(A22)),Alias_Map!$A$2:$B$651,2,FALSE),LOWER(TRIM(A22)))) | C22: =IF(A22="","",IF(ISERROR(VLOOKUP(B22,Base_Fixa!$A$2:$I$600,1,FALSE)),"Não","Sim")) | D22: =IF(A22="","",IF(C22<>"Sim",0,VLOOKUP(B22,Base_Fixa!$A$2:$I$600,3,FALSE))) | E22: =IF(A22="","",IF(C22<>"Sim","",VLOOKUP(B22,Base_Fixa!$A$2:$I$600,5,FALSE))) | F22: =IF(A22="","",IF(C22<>"Sim","",VLOOKUP(B22,Base_Fixa!$A$2:$I$600,7,FALSE))) | G22: =IF(A22="","",IF(C22<>"Sim",0,VLOOKUP(B22,Base_Fixa!$A$2:$I$600,8,FALSE))) | H22: =IF(A22="","",IF(COUNTIF($B$13:B22,B22)=1,G22,0)) | I22: =IF(A22="","",IF(AND(D22=1,G22=0,COUNTIFS($B$13:B22,B22,$D$13:D22,1,$G$13:G22,0)=1),Parameters!$B$8,0)) | J22: =IF(A22="","",H22+I22) | K22: =IF(A22="","",IF(C22<>"Sim","Revisar grafia/nome genérico ou inserir na Base_Fixa",IF(J22=0,"Sem contribuição adicional ou duplicado",IF(I22>0,"PIM/Beers adicional","Pontuado por afinidade AC/sedativa"))))
B23: =IF(A23="","",IFERROR(VLOOKUP(LOWER(TRIM(A23)),Alias_Map!$A$2:$B$651,2,FALSE),LOWER(TRIM(A23)))) | C23: =IF(A23="","",IF(ISERROR(VLOOKUP(B23,Base_Fixa!$A$2:$I$600,1,FALSE)),"Não","Sim")) | D23: =IF(A23="","",IF(C23<>"Sim",0,VLOOKUP(B23,Base_Fixa!$A$2:$I$600,3,FALSE))) | E23: =IF(A23="","",IF(C23<>"Sim","",VLOOKUP(B23,Base_Fixa!$A$2:$I$600,5,FALSE))) | F23: =IF(A23="","",IF(C23<>"Sim","",VLOOKUP(B23,Base_Fixa!$A$2:$I$600,7,FALSE))) | G23: =IF(A23="","",IF(C23<>"Sim",0,VLOOKUP(B23,Base_Fixa!$A$2:$I$600,8,FALSE))) | H23: =IF(A23="","",IF(COUNTIF($B$13:B23,B23)=1,G23,0)) | I23: =IF(A23="","",IF(AND(D23=1,G23=0,COUNTIFS($B$13:B23,B23,$D$13:D23,1,$G$13:G23,0)=1),Parameters!$B$8,0)) | J23: =IF(A23="","",H23+I23) | K23: =IF(A23="","",IF(C23<>"Sim","Revisar grafia/nome genérico ou inserir na Base_Fixa",IF(J23=0,"Sem contribuição adicional ou duplicado",IF(I23>0,"PIM/Beers adicional","Pontuado por afinidade AC/sedativa"))))
B24: =IF(A24="","",IFERROR(VLOOKUP(LOWER(TRIM(A24)),Alias_Map!$A$2:$B$651,2,FALSE),LOWER(TRIM(A24)))) | C24: =IF(A24="","",IF(ISERROR(VLOOKUP(B24,Base_Fixa!$A$2:$I$600,1,FALSE)),"Não","Sim")) | D24: =IF(A24="","",IF(C24<>"Sim",0,VLOOKUP(B24,Base_Fixa!$A$2:$I$600,3,FALSE))) | E24: =IF(A24="","",IF(C24<>"Sim","",VLOOKUP(B24,Base_Fixa!$A$2:$I$600,5,FALSE))) | F24: =IF(A24="","",IF(C24<>"Sim","",VLOOKUP(B24,Base_Fixa!$A$2:$I$600,7,FALSE))) | G24: =IF(A24="","",IF(C24<>"Sim",0,VLOOKUP(B24,Base_Fixa!$A$2:$I$600,8,FALSE))) | H24: =IF(A24="","",IF(COUNTIF($B$13:B24,B24)=1,G24,0)) | I24: =IF(A24="","",IF(AND(D24=1,G24=0,COUNTIFS($B$13:B24,B24,$D$13:D24,1,$G$13:G24,0)=1),Parameters!$B$8,0)) | J24: =IF(A24="","",H24+I24) | K24: =IF(A24="","",IF(C24<>"Sim","Revisar grafia/nome genérico ou inserir na Base_Fixa",IF(J24=0,"Sem contribuição adicional ou duplicado",IF(I24>0,"PIM/Beers adicional","Pontuado por afinidade AC/sedativa"))))
... B37: =IF(A37="","",IFERROR(VLOOKUP(LOWER(TRIM(A37)),Alias_Map!$A$2:$B$651,2,FALSE),LOWER(TRIM(A37)))) | C37: =IF(A37="","",IF(ISERROR(VLOOKUP(B37,Base_Fixa!$A$2:$I$600,1,FALSE)),"Não","Sim")) | D37: =IF(A37="","",IF(C37<>"Sim",0,VLOOKUP(B37,Base_Fixa!$A$2:$I$600,3,FALSE))) | E37: =IF(A37="","",IF(C37<>"Sim","",VLOOKUP(B37,Base_Fixa!$A$2:$I$600,5,FALSE))) | F37: =IF(A37="","",IF(C37<>"Sim","",VLOOKUP(B37,Base_Fixa!$A$2:$I$600,7,FALSE))) | G37: =IF(A37="","",IF(C37<>"Sim",0,VLOOKUP(B37,Base_Fixa!$A$2:$I$600,8,FALSE))) | H37: =IF(A37="","",IF(COUNTIF($B$13:B37,B37)=1,G37,0)) | I37: =IF(A37="","",IF(AND(D37=1,G37=0,COUNTIFS($B$13:B37,B37,$D$13:D37,1,$G$13:G37,0)=1),Parameters!$B$8,0)) | J37: =IF(A37="","",H37+I37) | K37: =IF(A37="","",IF(C37<>"Sim","Revisar grafia/nome genérico ou inserir na Base_Fixa",IF(J37=0,"Sem contribuição adicional ou duplicado",IF(I37>0,"PIM/Beers adicional","Pontuado por afinidade AC/sedativa"))))

Sheet Base_Fixa
A1: Medicamento_normalizado | B1: Classe/observação | C1: PIM_Beers_2023 | D1: AC | E1: Afinidade_AC | F1: Sedativo | G1: Afinidade_sedativa | H1: Peso_afinidade_final | I1: Fonte/justificativa | K1: Fonte | L1: Uso na ferramenta
A2: acamprosate | B2: ACSBC catalog | C2: 0 | D2: 0 | E2: No | F2: 0 | G2: Low | H2: =MAX(IFERROR(VLOOKUP(LOWER(SUBSTITUTE(E2,"*","")),Parameters!$E$2:$F$5,2,FALSE),0),IFERROR(VLOOKUP(LOWER(SUBSTITUTE(G2,"*","")),Parameters!$E$2:$F$5,2,FALSE),0)) -> 1 | I2: ACSBC | K2: Lavrador et al., Pharmaceutics 2023;15:230. https://doi.org/10.3390/pharmaceutics15010230 | L2: Base para atividade anticolinérgica e afinidade muscarínica.
A3: acarbose | B3: ACSBC catalog | C3: 0 | D3: 0 | E3: No | F3: 0 | G3: No | H3: =MAX(IFERROR(VLOOKUP(LOWER(SUBSTITUTE(E3,"*","")),Parameters!$E$2:$F$5,2,FALSE),0),IFERROR(VLOOKUP(LOWER(SUBSTITUTE(G3,"*","")),Parameters!$E$2:$F$5,2,FALSE),0)) -> 0 | I3: ACSBC | K3: American Geriatrics Society Beers Criteria 2023. J Am Geriatr Soc. 2023;71:2052–2081. https://doi.org/10.1111/jgs.18372 | L3: Base para PIM e classes associadas a efeitos adversos funcionais.
A4: acetaminophen | B4: analgesic | C4: 0 | D4: 0 | E4: No | F4: 0 | G4: No | H4: =MAX(IFERROR(VLOOKUP(LOWER(SUBSTITUTE(E4,"*","")),Parameters!$E$2:$F$5,2,FALSE),0),IFERROR(VLOOKUP(LOWER(SUBSTITUTE(G4,"*","")),Parameters!$E$2:$F$5,2,FALSE),0)) -> 0 | I4: Manual curation from ACSBC/Beers | K4: Regra operacional | L4: Se o medicamento for anticolinérgico e sedativo, conta apenas uma vez com maior peso.
A5: acetazolamide | B5: ACSBC catalog | C5: 0 | D5: 0 | E5: No | F5: 0 | G5: Low | H5: =MAX(IFERROR(VLOOKUP(LOWER(SUBSTITUTE(E5,"*","")),Parameters!$E$2:$F$5,2,FALSE),0),IFERROR(VLOOKUP(LOWER(SUBSTITUTE(G5,"*","")),Parameters!$E$2:$F$5,2,FALSE),0)) -> 1 | I5: ACSBC | K5: Peso moderado | L5: 0,5
A6: acetylsalicylic acid | B6: antiplatelet | C6: 0 | D6: 0 | E6: No | F6: 0 | G6: No | H6: =MAX(IFERROR(VLOOKUP(LOWER(SUBSTITUTE(E6,"*","")),Parameters!$E$2:$F$5,2,FALSE),0),IFERROR(VLOOKUP(LOWER(SUBSTITUTE(G6,"*","")),Parameters!$E$2:$F$5,2,FALSE),0)) -> 0 | I6: Manual curation from ACSBC/Beers | K6: Peso alto | L6: 1,0
A7: acetylsalicylic acid / aspirin | B7: ACSBC catalog | C7: 0 | D7: 0 | E7: No | F7: 0 | G7: No | H7: =MAX(IFERROR(VLOOKUP(LOWER(SUBSTITUTE(E7,"*","")),Parameters!$E$2:$F$5,2,FALSE),0),IFERROR(VLOOKUP(LOWER(SUBSTITUTE(G7,"*","")),Parameters!$E$2:$F$5,2,FALSE),0)) -> 0 | I7: ACSBC
A8: acitretin | B8: ACSBC catalog | C8: 0 | D8: 0 | E8: No | F8: 0 | G8: No | H8: =MAX(IFERROR(VLOOKUP(LOWER(SUBSTITUTE(E8,"*","")),Parameters!$E$2:$F$5,2,FALSE),0),IFERROR(VLOOKUP(LOWER(SUBSTITUTE(G8,"*","")),Parameters!$E$2:$F$5,2,FALSE),0)) -> 0 | I8: ACSBC
A9: acrivastine | B9: ACSBC catalog | C9: 0 | D9: 0 | E9: No | F9: 0 | G9: Low | H9: =MAX(IFERROR(VLOOKUP(LOWER(SUBSTITUTE(E9,"*","")),Parameters!$E$2:$F$5,2,FALSE),0),IFERROR(VLOOKUP(LOWER(SUBSTITUTE(G9,"*","")),Parameters!$E$2:$F$5,2,FALSE),0)) -> 1 | I9: ACSBC
A10: acyclovir | B10: ACSBC catalog | C10: 0 | D10: 0 | E10: No | F10: 0 | G10: No | H10: =MAX(IFERROR(VLOOKUP(LOWER(SUBSTITUTE(E10,"*","")),Parameters!$E$2:$F$5,2,FALSE),0),IFERROR(VLOOKUP(LOWER(SUBSTITUTE(G10,"*","")),Parameters!$E$2:$F$5,2,FALSE),0)) -> 0 | I10: ACSBC
A11: afatinib | B11: ACSBC catalog | C11: 0 | D11: 0 | E11: No | F11: 0 | G11: Low | H11: =MAX(IFERROR(VLOOKUP(LOWER(SUBSTITUTE(E11,"*","")),Parameters!$E$2:$F$5,2,FALSE),0),IFERROR(VLOOKUP(LOWER(SUBSTITUTE(G11,"*","")),Parameters!$E$2:$F$5,2,FALSE),0)) -> 1 | I11: ACSBC
A12: albuterol | B12: ACSBC catalog | C12: 0 | D12: 0 | E12: No | F12: 0 | G12: No | H12: =MAX(IFERROR(VLOOKUP(LOWER(SUBSTITUTE(E12,"*","")),Parameters!$E$2:$F$5,2,FALSE),0),IFERROR(VLOOKUP(LOWER(SUBSTITUTE(G12,"*","")),Parameters!$E$2:$F$5,2,FALSE),0)) -> 0 | I12: ACSBC
A13: alectinib | B13: ACSBC catalog | C13: 0 | D13: 0 | E13: No | F13: 0 | G13: Low | H13: =MAX(IFERROR(VLOOKUP(LOWER(SUBSTITUTE(E13,"*","")),Parameters!$E$2:$F$5,2,FALSE),0),IFERROR(VLOOKUP(LOWER(SUBSTITUTE(G13,"*","")),Parameters!$E$2:$F$5,2,FALSE),0)) -> 1 | I13: ACSBC
A14: alendronate | B14: ACSBC catalog | C14: 0 | D14: 0 | E14: No | F14: 0 | G14: No | H14: =MAX(IFERROR(VLOOKUP(LOWER(SUBSTITUTE(E14,"*","")),Parameters!$E$2:$F$5,2,FALSE),0),IFERROR(VLOOKUP(LOWER(SUBSTITUTE(G14,"*","")),Parameters!$E$2:$F$5,2,FALSE),0)) -> 0 | I14: ACSBC
A15: alitretinoin (isotretinoin) | B15: ACSBC catalog | C15: 0 | D15: 0 | E15: No | F15: 0 | G15: Low | H15: =MAX(IFERROR(VLOOKUP(LOWER(SUBSTITUTE(E15,"*","")),Parameters!$E$2:$F$5,2,FALSE),0),IFERROR(VLOOKUP(LOWER(SUBSTITUTE(G15,"*","")),Parameters!$E$2:$F$5,2,FALSE),0)) -> 1 | I15: ACSBC
A16: allopurinol | B16: ACSBC catalog | C16: 0 | D16: 0 | E16: No | F16: 0 | G16: Low | H16: =MAX(IFERROR(VLOOKUP(LOWER(SUBSTITUTE(E16,"*","")),Parameters!$E$2:$F$5,2,FALSE),0),IFERROR(VLOOKUP(LOWER(SUBSTITUTE(G16,"*","")),Parameters!$E$2:$F$5,2,FALSE),0)) -> 1 | I16: ACSBC
A17: almotriptan | B17: ACSBC catalog | C17: 0 | D17: 0 | E17: Low | F17: 1 | G17: Moderate | H17: =MAX(IFERROR(VLOOKUP(LOWER(SUBSTITUTE(E17,"*","")),Parameters!$E$2:$F$5,2,FALSE),0),IFERROR(VLOOKUP(LOWER(SUBSTITUTE(G17,"*","")),Parameters!$E$2:$F$5,2,FALSE),0)) -> 2 | I17: ACSBC
A18: alprazolam | B18: benzodiazepine | C18: 1 | D18: 0 | E18: Low | F18: 1 | G18: High | H18: =MAX(IFERROR(VLOOKUP(LOWER(SUBSTITUTE(E18,"*","")),Parameters!$E$2:$F$5,2,FALSE),0),IFERROR(VLOOKUP(LOWER(SUBSTITUTE(G18,"*","")),Parameters!$E$2:$F$5,2,FALSE),0)) -> 3 | I18: Manual curation from ACSBC/Beers
... A600: zuclopenthixol | B600: ACSBC catalog | C600: 0 | D600: 0 | E600: Low | F600: 1 | G600: High | H600: =MAX(IFERROR(VLOOKUP(LOWER(SUBSTITUTE(E600,"*","")),Parameters!$E$2:$F$5,2,FALSE),0),IFERROR(VLOOKUP(LOWER(SUBSTITUTE(G600,"*","")),Parameters!$E$2:$F$5,2,FALSE),0)) -> 3 | I600: ACSBC

Sheet Parameters
A1: Parâmetro | B1: Valor | C1: Descrição | E1: Categoria | F1: Ponto
A2: Polifarmácia: 0-4 medicamentos | B2: 0 | C2: Sem pontuação por número de medicamentos. | E2: no | F2: 0
A3: Polifarmácia: 5-9 medicamentos | B3: 0.5 | C3: Pontuação aplicada quando o paciente usa de 5 a 9 medicamentos. | E3: low | F3: 1
A4: Polifarmácia: ≥10 medicamentos | B4: 1 | C4: Pontuação aplicada quando o paciente usa 10 ou mais medicamentos. | E4: moderate | F4: 2
A5: Afinidade baixa | B5: 1 | C5: Atividade anticolinérgica ou sedativa baixa conforme ACSBC. | E5: high | F5: 3
A6: Afinidade moderada | B6: 2 | C6: Atividade anticolinérgica ou sedativa moderada conforme ACSBC.
A7: Afinidade alta | B7: 3 | C7: Atividade anticolinérgica ou sedativa alta conforme ACSBC.
A8: PIM/Beers adicional | B8: 0.5 | C8: Somar para cada medicamento PIM/Beers apenas quando ele não tiver sido pontuado previamente por afinidade AC/sedativa.
A9: Capacidade da calculadora | B9: 25 | C9: Até 25 medicamentos por paciente, um por linha.
A11: Interação medicamentosa | B11: Pontuação | C11: Fonte operacional
A12: Moderada | B12: 0.5 | C12: DrugBank Non-Commercial XML como fonte prioritária; gravidade registrada manualmente.
A13: Grave/Alta/Major/Severe/Contraindicated | B13: 1 | C13: Apenas a interação de maior gravidade é incorporada ao FPRS.
A14: Sem interação relevante ou leve | B14: 0 | C14: Não acrescenta pontuação.

Sheet Alias_Map
A1: Entrada_normalizada_aceita | B1: Medicamento_normalizado
A2: acamprosate | B2: acamprosate
A3: acarbose | B3: acarbose
A4: acetaminophen | B4: acetaminophen
A5: acetazolamide | B5: acetazolamide
A6: acetylsalicylic acid | B6: aspirin
A7: acetylsalicylic acid / aspirin | B7: aspirin
A8: acitretin | B8: acitretin
A9: acrivastine | B9: acrivastine
A10: acyclovir | B10: acyclovir
A11: afatinib | B11: afatinib
A12: albuterol | B12: salbutamol; albuterol
... A651: zuclopenthixol | B651: zuclopenthixol

Sheet Interacoes_desconsiderada
A1: Aba desconsiderada nesta versão do FPRS
A2: O componente de interações medicamentosas foi removido da fórmula operacional.

Sheet Regras_e_Referencias
A1: Domínio | B1: Critério operacional | C1: Pontuação | D1: Fonte/referência | E1: Observação
A2: Polifarmácia | B2: 5–9 medicamentos | C2: 0,5 | D2: Regra operacional FPRS | E2: Incluída como marcador de complexidade farmacoterapêutica.
A3: Polifarmácia | B3: ≥10 medicamentos | C3: 1,0 | D3: Regra operacional FPRS | E3: Aumenta risco por carga/complexidade de medicamentos.
A4: Carga AC/sedativa | B4: Afinidade baixa | C4: 1 | D4: ACSBC / Universal list of drugs | E4: Usa maior afinidade entre componente anticolinérgico e sedativo.
A5: Carga AC/sedativa | B5: Afinidade moderada | C5: 2 | D5: ACSBC / Universal list of drugs | E5: Medicamento com dupla propriedade conta apenas uma vez.
A6: Carga AC/sedativa | B6: Afinidade alta | C6: 3 | D6: ACSBC / Universal list of drugs | E6: Medicamento com dupla propriedade conta apenas uma vez.
A7: PIM/Beers | B7: PIM sem pontuação AC/sedativa prévia | C7: +0,5 por medicamento | D7: AGS Beers Criteria 2023 | E7: Evita dupla contagem quando já pontuado por afinidade.
A8: Classificação | B8: FPRS > 1,5 | C8: Alto risco | D8: Regra operacional FPRS | E8: Indica necessidade de revisão da farmacoterapia.

Sheet Exemplo_teste
A1: Exemplo de teste – grafia alternativa e pontuação por afinidade
B2: Normalizado | C2: Encontrado | D2: PIM/Beers | E2: Afinidade AC | F2: Afinidade sedativa | G2: Peso afinidade | H2: Peso contado | I2: PIM adicional | J2: Contribuição | K2: Observação
A3: Amitryptiline | B3: =IF(A3="","",IFERROR(VLOOKUP(LOWER(TRIM(A3)),Alias_Map!$A$2:$B$651,2,FALSE),LOWER(TRIM(A3)))) -> amitriptyline | C3: =IF(A3="","",IF(ISERROR(VLOOKUP(B3,Base_Fixa!$A$2:$I$600,1,FALSE)),"Não","Sim")) -> Sim | D3: =IF(A3="","",IF(C3<>"Sim",0,VLOOKUP(B3,Base_Fixa!$A$2:$I$600,3,FALSE))) -> 1 | E3: =IF(A3="","",IF(C3<>"Sim","",VLOOKUP(B3,Base_Fixa!$A$2:$I$600,5,FALSE))) -> High | F3: =IF(A3="","",IF(C3<>"Sim","",VLOOKUP(B3,Base_Fixa!$A$2:$I$600,7,FALSE))) -> High | G3: =IF(A3="","",IF(C3<>"Sim",0,VLOOKUP(B3,Base_Fixa!$A$2:$I$600,8,FALSE))) -> 3 | H3: =IF(A3="","",IF(COUNTIF($B$3:B3,B3)=1,G3,0)) -> 3 | I3: =IF(A3="","",IF(AND(D3=1,G3=0,COUNTIFS($B$3:B3,B3,$D$3:D3,1,$G$3:G3,0)=1),Parameters!$B$8,0)) -> 0 | J3: =IF(A3="","",H3+I3) -> 3 | K3: =IF(A3="","",IF(C3<>"Sim","Revisar",IF(J3=0,"Sem contribuição/dúplicata",IF(I3>0,"PIM adicional","Afinidade AC/sedativa")))) -> Afinidade AC/sedativa
A4: losartan | B4: =IF(A4="","",IFERROR(VLOOKUP(LOWER(TRIM(A4)),Alias_Map!$A$2:$B$651,2,FALSE),LOWER(TRIM(A4)))) -> losartan | C4: =IF(A4="","",IF(ISERROR(VLOOKUP(B4,Base_Fixa!$A$2:$I$600,1,FALSE)),"Não","Sim")) -> Sim | D4: =IF(A4="","",IF(C4<>"Sim",0,VLOOKUP(B4,Base_Fixa!$A$2:$I$600,3,FALSE))) -> 0 | E4: =IF(A4="","",IF(C4<>"Sim","",VLOOKUP(B4,Base_Fixa!$A$2:$I$600,5,FALSE))) -> No | F4: =IF(A4="","",IF(C4<>"Sim","",VLOOKUP(B4,Base_Fixa!$A$2:$I$600,7,FALSE))) -> Low | G4: =IF(A4="","",IF(C4<>"Sim",0,VLOOKUP(B4,Base_Fixa!$A$2:$I$600,8,FALSE))) -> 1 | H4: =IF(A4="","",IF(COUNTIF($B$3:B4,B4)=1,G4,0)) -> 1 | I4: =IF(A4="","",IF(AND(D4=1,G4=0,COUNTIFS($B$3:B4,B4,$D$3:D4,1,$G$3:G4,0)=1),Parameters!$B$8,0)) -> 0 | J4: =IF(A4="","",H4+I4) -> 1 | K4: =IF(A4="","",IF(C4<>"Sim","Revisar",IF(J4=0,"Sem contribuição/dúplicata",IF(I4>0,"PIM adicional","Afinidade AC/sedativa")))) -> Afinidade AC/sedativa
A5: metformin | B5: =IF(A5="","",IFERROR(VLOOKUP(LOWER(TRIM(A5)),Alias_Map!$A$2:$B$651,2,FALSE),LOWER(TRIM(A5)))) -> metformin | C5: =IF(A5="","",IF(ISERROR(VLOOKUP(B5,Base_Fixa!$A$2:$I$600,1,FALSE)),"Não","Sim")) -> Sim | D5: =IF(A5="","",IF(C5<>"Sim",0,VLOOKUP(B5,Base_Fixa!$A$2:$I$600,3,FALSE))) -> 0 | E5: =IF(A5="","",IF(C5<>"Sim","",VLOOKUP(B5,Base_Fixa!$A$2:$I$600,5,FALSE))) -> No | F5: =IF(A5="","",IF(C5<>"Sim","",VLOOKUP(B5,Base_Fixa!$A$2:$I$600,7,FALSE))) -> No | G5: =IF(A5="","",IF(C5<>"Sim",0,VLOOKUP(B5,Base_Fixa!$A$2:$I$600,8,FALSE))) -> 0 | H5: =IF(A5="","",IF(COUNTIF($B$3:B5,B5)=1,G5,0)) -> 0 | I5: =IF(A5="","",IF(AND(D5=1,G5=0,COUNTIFS($B$3:B5,B5,$D$3:D5,1,$G$3:G5,0)=1),Parameters!$B$8,0)) -> 0 | J5: =IF(A5="","",H5+I5) -> 0 | K5: =IF(A5="","",IF(C5<>"Sim","Revisar",IF(J5=0,"Sem contribuição/dúplicata",IF(I5>0,"PIM adicional","Afinidade AC/sedativa")))) -> Sem contribuição/dúplicata
A6: lorazepam | B6: =IF(A6="","",IFERROR(VLOOKUP(LOWER(TRIM(A6)),Alias_Map!$A$2:$B$651,2,FALSE),LOWER(TRIM(A6)))) -> lorazepam | C6: =IF(A6="","",IF(ISERROR(VLOOKUP(B6,Base_Fixa!$A$2:$I$600,1,FALSE)),"Não","Sim")) -> Sim | D6: =IF(A6="","",IF(C6<>"Sim",0,VLOOKUP(B6,Base_Fixa!$A$2:$I$600,3,FALSE))) -> 1 | E6: =IF(A6="","",IF(C6<>"Sim","",VLOOKUP(B6,Base_Fixa!$A$2:$I$600,5,FALSE))) -> Low | F6: =IF(A6="","",IF(C6<>"Sim","",VLOOKUP(B6,Base_Fixa!$A$2:$I$600,7,FALSE))) -> High | G6: =IF(A6="","",IF(C6<>"Sim",0,VLOOKUP(B6,Base_Fixa!$A$2:$I$600,8,FALSE))) -> 3 | H6: =IF(A6="","",IF(COUNTIF($B$3:B6,B6)=1,G6,0)) -> 3 | I6: =IF(A6="","",IF(AND(D6=1,G6=0,COUNTIFS($B$3:B6,B6,$D$3:D6,1,$G$3:G6,0)=1),Parameters!$B$8,0)) -> 0 | J6: =IF(A6="","",H6+I6) -> 3 | K6: =IF(A6="","",IF(C6<>"Sim","Revisar",IF(J6=0,"Sem contribuição/dúplicata",IF(I6>0,"PIM adicional","Afinidade AC/sedativa")))) -> Afinidade AC/sedativa
A7: atorvastatin | B7: =IF(A7="","",IFERROR(VLOOKUP(LOWER(TRIM(A7)),Alias_Map!$A$2:$B$651,2,FALSE),LOWER(TRIM(A7)))) -> atorvastatin | C7: =IF(A7="","",IF(ISERROR(VLOOKUP(B7,Base_Fixa!$A$2:$I$600,1,FALSE)),"Não","Sim")) -> Sim | D7: =IF(A7="","",IF(C7<>"Sim",0,VLOOKUP(B7,Base_Fixa!$A$2:$I$600,3,FALSE))) -> 0 | E7: =IF(A7="","",IF(C7<>"Sim","",VLOOKUP(B7,Base_Fixa!$A$2:$I$600,5,FALSE))) -> No | F7: =IF(A7="","",IF(C7<>"Sim","",VLOOKUP(B7,Base_Fixa!$A$2:$I$600,7,FALSE))) -> Low | G7: =IF(A7="","",IF(C7<>"Sim",0,VLOOKUP(B7,Base_Fixa!$A$2:$I$600,8,FALSE))) -> 1 | H7: =IF(A7="","",IF(COUNTIF($B$3:B7,B7)=1,G7,0)) -> 1 | I7: =IF(A7="","",IF(AND(D7=1,G7=0,COUNTIFS($B$3:B7,B7,$D$3:D7,1,$G$3:G7,0)=1),Parameters!$B$8,0)) -> 0 | J7: =IF(A7="","",H7+I7) -> 1 | K7: =IF(A7="","",IF(C7<>"Sim","Revisar",IF(J7=0,"Sem contribuição/dúplicata",IF(I7>0,"PIM adicional","Afinidade AC/sedativa")))) -> Afinidade AC/sedativa
A8: paroxetine | B8: =IF(A8="","",IFERROR(VLOOKUP(LOWER(TRIM(A8)),Alias_Map!$A$2:$B$651,2,FALSE),LOWER(TRIM(A8)))) -> paroxetine | C8: =IF(A8="","",IF(ISERROR(VLOOKUP(B8,Base_Fixa!$A$2:$I$600,1,FALSE)),"Não","Sim")) -> Sim | D8: =IF(A8="","",IF(C8<>"Sim",0,VLOOKUP(B8,Base_Fixa!$A$2:$I$600,3,FALSE))) -> 1 | E8: =IF(A8="","",IF(C8<>"Sim","",VLOOKUP(B8,Base_Fixa!$A$2:$I$600,5,FALSE))) -> Moderate | F8: =IF(A8="","",IF(C8<>"Sim","",VLOOKUP(B8,Base_Fixa!$A$2:$I$600,7,FALSE))) -> Moderate | G8: =IF(A8="","",IF(C8<>"Sim",0,VLOOKUP(B8,Base_Fixa!$A$2:$I$600,8,FALSE))) -> 2 | H8: =IF(A8="","",IF(COUNTIF($B$3:B8,B8)=1,G8,0)) -> 2 | I8: =IF(A8="","",IF(AND(D8=1,G8=0,COUNTIFS($B$3:B8,B8,$D$3:D8,1,$G$3:G8,0)=1),Parameters!$B$8,0)) -> 0 | J8: =IF(A8="","",H8+I8) -> 2 | K8: =IF(A8="","",IF(C8<>"Sim","Revisar",IF(J8=0,"Sem contribuição/dúplicata",IF(I8>0,"PIM adicional","Afinidade AC/sedativa")))) -> Afinidade AC/sedativa
A10: Número de medicamentos | B10: =COUNTIF(A3:A27,"?*") -> 12
A11: Polifarmácia | B11: =IF(B10>=11,1,IF(B10>=5,0.5,0)) -> 1
A12: Carga afinidade | B12: =SUM(H3:H8) -> 10
A13: PIM adicional | B13: =SUM(I3:I8) -> 0
A14: FPRS parcial sem interações | B14: =SUM(B11:B13) -> 11
A15: Observação | B15: Amitryptiline deve normalizar para amitriptyline e pontuar como alta afinidade.
